,Ranking,Movie Title,Released_Year,Certificate,IMDB Rating,Runtime,Genre,IMDB_Rating,Overview,Director,Star1,Star2,Star3,Star4,No_of_Votes,New_Meta_score,New_Gross,Director's Appearance
0,1,The Shawshank Redemption,1994,R,9.3,142,Drama,9.3,"Two imprisoned men bond over a number of years, finding solace and eventual redemption through acts of common decency.",Frank Darabont,Tim Robbins,Morgan Freeman,Bob Gunton,William Sadler,2343110,80,28341469,2
1,2,The Godfather,1972,R,9.2,175,"Crime, Drama",9.2,An organized crime dynasty's aging patriarch transfers control of his clandestine empire to his reluctant son.,Francis Ford Coppola,Marlon Brando,Al Pacino,James Caan,Diane Keaton,1620367,100,134966411,2
2,3,The Dark Knight,2008,PG-13,9,152,"Action, Crime, Drama",9,"When the menace known as the Joker wreaks havoc and chaos on the people of Gotham, Batman must accept one of the greatest psychological and physical tests of his ability to fight injustice.",Christopher Nolan,Christian Bale,Heath Ledger,Aaron Eckhart,Michael Caine,2303232,84,534858444,7
3,5,12 Angry Men,1957,Approved,9,96,"Crime, Drama",9,A jury holdout attempts to prevent a miscarriage of justice by forcing his colleagues to reconsider the evidence.,Sidney Lumet,Henry Fonda,Lee J. Cobb,Martin Balsam,John Fiedler,689845,96,4360000,2
4,6,Schindler's List,1993,R,9,195,"Biography, Drama, History",8.9,"In German-occupied Poland during World War II, industrialist Oskar Schindler gradually becomes concerned for his Jewish workforce after witnessing their persecution by the Nazis.",Steven Spielberg,Liam Neeson,Ralph Fiennes,Ben Kingsley,Caroline Goodall,1213505,94,96898818,6
5,7,The Lord of the Rings: The Return of the King,2003,PG-13,9,201,"Action, Adventure, Drama",8.9,Gandalf and Aragorn lead the World of Men against Sauron's army to draw his gaze from Frodo and Sam as they approach Mount Doom with the One Ring.,Peter Jackson,Elijah Wood,Viggo Mortensen,Ian McKellen,Orlando Bloom,1642758,94,377845905,3
6,8,Pulp Fiction,1994,R,8.9,154,"Crime, Drama",8.9,"The lives of two mob hitmen, a boxer, a gangster and his wife, and a pair of diner bandits intertwine in four tales of violence and redemption.",Quentin Tarantino,John Travolta,Uma Thurman,Samuel L. Jackson,Bruce Willis,1826188,94,107928762,5
7,9,The Lord of the Rings: The Fellowship of the Ring,2001,PG-13,8.8,178,"Action, Adventure, Drama",8.8,A meek Hobbit from the Shire and eight companions set out on a journey to destroy the powerful One Ring and save Middle-earth from the Dark Lord Sauron.,Peter Jackson,Elijah Wood,Ian McKellen,Orlando Bloom,Sean Bean,1661481,92,315544750,3
8,11,Forrest Gump,1994,PG-13,8.8,142,"Drama, Romance",8.8,"The presidencies of Kennedy and Johnson, the events of Vietnam, Watergate and other historical events unfold through the perspective of an Alabama man with an IQ of 75, whose only desire is to be reunited with his childhood sweetheart.",Robert Zemeckis,Tom Hanks,Robin Wright,Gary Sinise,Sally Field,1809221,82,330252182,2
9,12,Fight Club,1999,R,8.8,139,Drama,8.8,"An insomniac office worker and a devil-may-care soapmaker form an underground fight club that evolves into something much, much more.",David Fincher,Brad Pitt,Edward Norton,Meat Loaf,Zach Grenier,1854740,66,37030102,3
10,13,The Lord of the Rings: The Two Towers,2002,PG-13,8.8,179,"Action, Adventure, Drama",8.7,"While Frodo and Sam edge closer to Mordor with the help of the shifty Gollum, the divided fellowship makes a stand against Sauron's new ally, Saruman, and his hordes of Isengard.",Peter Jackson,Elijah Wood,Ian McKellen,Viggo Mortensen,Orlando Bloom,1485555,87,342551365,3
11,14,Inception,2010,PG-13,8.8,148,"Action, Adventure, Sci-Fi",8.8,A thief who steals corporate secrets through the use of dream-sharing technology is given the inverse task of planting an idea into the mind of a C.E.O.,Christopher Nolan,Leonardo DiCaprio,Joseph Gordon-Levitt,Elliot Page,Ken Watanabe,2067042,74,292576195,7
12,15,Star Wars: Episode V - The Empire Strikes Back,1980,PG,8.7,124,"Action, Adventure, Fantasy",8.7,"After the Rebels are brutally overpowered by the Empire on the ice planet Hoth, Luke Skywalker begins Jedi training with Yoda, while his friends are pursued by Darth Vader and a bounty hunter named Boba Fett all over the galaxy.",Irvin Kershner,Mark Hamill,Harrison Ford,Carrie Fisher,Billy Dee Williams,1159315,82,290475067,1
13,16,The Matrix,1999,R,8.7,136,"Action, Sci-Fi",8.7,"When a beautiful stranger leads computer hacker Neo to a forbidding underworld, he discovers the shocking truth--the life he knows is the elaborate deception of an evil cyber-intelligence.",Lana Wachowski,Lilly Wachowski,Keanu Reeves,Laurence Fishburne,Carrie-Anne Moss,1676426,73,171479930,1
14,17,Goodfellas,1990,18+,8.7,146,"Biography, Crime, Drama",8.7,"The story of Henry Hill and his life in the mob, covering his relationship with his wife Karen Hill and his mob partners Jimmy Conway and Tommy DeVito in the Italian-American crime syndicate.",Martin Scorsese,Robert De Niro,Ray Liotta,Joe Pesci,Lorraine Bracco,1020727,90,46836394,7
15,19,One Flew Over the Cuckoo's Nest,1975,R,8.7,133,Drama,8.7,"A criminal pleads insanity and is admitted to a mental institution, where he rebels against the oppressive nurse and rallies up the scared patients.",Milos Forman,Jack Nicholson,Louise Fletcher,Michael Berryman,Peter Brocco,918088,83,112000000,2
16,20,Se7en,1995,R,8.6,127,"Crime, Drama, Mystery",8.6,"Two detectives, a rookie and a veteran, hunt a serial killer who uses the seven deadly sins as his motives.",David Fincher,Morgan Freeman,Brad Pitt,Kevin Spacey,Andrew Kevin Walker,1445096,65,100125643,3
17,21,It's a Wonderful Life,1946,PG,8.6,130,"Drama, Family, Fantasy",8.6,An angel is sent from Heaven to help a desperately frustrated businessman by showing him what life would have been like if he had never existed.,Frank Capra,James Stewart,Donna Reed,Lionel Barrymore,Thomas Mitchell,405801,89,54513740,2
18,23,The Silence of the Lambs,1991,R,8.6,118,"Crime, Drama, Thriller",8.6,"A young F.B.I. cadet must receive the help of an incarcerated and manipulative cannibal killer to help catch another serial killer, a madman who skins his victims.",Jonathan Demme,Jodie Foster,Anthony Hopkins,Lawrence A. Bonney,Kasi Lemmons,1270197,85,130742922,1
19,24,Interstellar,2014,PG-13,8.7,169,"Adventure, Drama, Sci-Fi",8.6,A team of explorers travel through a wormhole in space in an attempt to ensure humanity's survival.,Christopher Nolan,Matthew McConaughey,Anne Hathaway,Jessica Chastain,Mackenzie Foy,1512360,74,188020017,7
20,25,Saving Private Ryan,1998,R,8.6,169,"Drama, War",8.6,"Following the Normandy Landings, a group of U.S. soldiers go behind enemy lines to retrieve a paratrooper whose brothers have been killed in action.",Steven Spielberg,Tom Hanks,Matt Damon,Tom Sizemore,Edward Burns,1235804,91,216540909,6
21,28,The Green Mile,1999,R,8.6,189,"Crime, Drama, Fantasy",8.6,"The lives of guards on Death Row are affected by one of their charges: a black man accused of child murder and rape, yet who has a mysterious gift.",Frank Darabont,Tom Hanks,Michael Clarke Duncan,David Morse,Bonnie Hunt,1147794,61,136801374,2
22,30,Terminator 2: Judgment Day,1991,R,8.6,137,"Action, Sci-Fi",8.5,"A cyborg, identical to the one who failed to kill Sarah Connor, must now protect her teenage son, John Connor, from a more advanced and powerful cyborg.",James Cameron,Arnold Schwarzenegger,Linda Hamilton,Edward Furlong,Robert Patrick,995506,75,204843350,3
23,31,Back to the Future,1985,PG,8.5,116,"Adventure, Comedy, Sci-Fi",8.5,"Marty McFly, a 17-year-old high school student, is accidentally sent thirty years into the past in a time-traveling DeLorean invented by his close friend, the eccentric scientist Doc Brown.",Robert Zemeckis,Michael J. Fox,Christopher Lloyd,Lea Thompson,Crispin Glover,1058081,87,210609762,2
24,33,The Pianist,2002,R,8.5,150,"Biography, Drama, Music",8.5,A Polish Jewish musician struggles to survive the destruction of the Warsaw ghetto of World War II.,Roman Polanski,Adrien Brody,Thomas Kretschmann,Frank Finlay,Emilia Fox,729603,85,32572577,2
25,34,Psycho,1960,R,8.5,109,"Horror, Mystery, Thriller",8.5,"A Phoenix secretary embezzles $40,000 from her employer's client, goes on the run, and checks into a remote motel run by a young man under the domination of his mother.",Alfred Hitchcock,Anthony Perkins,Janet Leigh,Vera Miles,John Gavin,604211,97,32000000,6
26,36,Gladiator,2000,R,8.5,155,"Action, Adventure, Drama",8.5,A former Roman General sets out to exact vengeance against the corrupt emperor who murdered his family and sent him into slavery.,Ridley Scott,Russell Crowe,Joaquin Phoenix,Connie Nielsen,Oliver Reed,1341460,67,187705427,3
27,37,The Lion King,1994,G,8.5,88,"Animation, Adventure, Drama",8.5,"Lion prince Simba and his father are targeted by his bitter uncle, who wants to ascend the throne himself.",Roger Allers,Rob Minkoff,Matthew Broderick,Jeremy Irons,James Earl Jones,942045,88,422783777,1
28,40,American History X,1998,R,8.5,119,Drama,8.5,A former neo-nazi skinhead tries to prevent his younger brother from going down the same wrong path that he did.,Tony Kaye,Edward Norton,Edward Furlong,Beverly D'Angelo,Jennifer Lien,1034705,62,6719864,1
29,41,The Departed,2006,R,8.5,151,"Crime, Drama, Thriller",8.5,An undercover cop and a mole in the police attempt to identify each other while infiltrating an Irish gang in South Boston.,Martin Scorsese,Leonardo DiCaprio,Matt Damon,Jack Nicholson,Mark Wahlberg,1189773,85,132384315,7
30,42,Whiplash,2014,R,8.5,106,"Drama, Music",8.5,A promising young drummer enrolls at a cut-throat music conservatory where his dreams of greatness are mentored by an instructor who will stop at nothing to realize a student's potential.,Damien Chazelle,Miles Teller,J.K. Simmons,Melissa Benoist,Paul Reiser,717585,88,13092000,1
31,43,The Prestige,2006,PG-13,8.5,130,"Drama, Mystery, Sci-Fi",8.5,"After a tragic accident, two stage magicians engage in a battle to create the ultimate illusion while sacrificing everything they have to outwit each other.",Christopher Nolan,Christian Bale,Hugh Jackman,Scarlett Johansson,Michael Caine,1190259,66,53089891,7
32,44,The Usual Suspects,1995,R,8.5,106,"Crime, Mystery, Thriller",8.5,"A sole survivor tells of the twisty events leading up to a horrific gun battle on a boat, which began when five criminals met at a seemingly random police lineup.",Bryan Singer,Kevin Spacey,Gabriel Byrne,Chazz Palminteri,Stephen Baldwin,991208,77,23341568,1
33,46,Casablanca,1942,PG,8.5,102,"Drama, Romance, War",8.5,A cynical expatriate American cafe owner struggles to decide whether or not to help his former lover and her fugitive husband escape the Nazis in French Morocco.,Michael Curtiz,Humphrey Bogart,Ingrid Bergman,Paul Henreid,Claude Rains,522093,100,1024560,1
34,48,The Intouchables,2011,R,8.5,112,"Biography, Comedy, Drama",8.5,"After he becomes a quadriplegic from a paragliding accident, an aristocrat hires a young man from the projects to be his caregiver.",Olivier Nakache,Éric Toledano,François Cluzet,Omar Sy,Anne Le Ny,760360,57,13182281,1
35,49,Modern Times,1936,G,8.5,87,"Comedy, Drama, Family",8.5,The Tramp struggles to live in modern industrial society with the help of a young homeless woman.,Charles Chaplin,Charles Chaplin,Paulette Goddard,Henry Bergman,Tiny Sandford,217881,96,163245,5
36,51,Once Upon a Time in the West,1968,PG-13,8.5,165,Western,8.5,A mysterious stranger with a harmonica joins forces with a notorious desperado to protect a beautiful widow from a ruthless assassin working for the railroad.,Sergio Leone,Henry Fonda,Charles Bronson,Claudia Cardinale,Jason Robards,302844,80,5321508,2
37,52,Rear Window,1954,PG,8.5,112,"Mystery, Thriller",8.4,A wheelchair-bound photographer spies on his neighbors from his apartment window and becomes convinced one of them has committed murder.,Alfred Hitchcock,James Stewart,Grace Kelly,Wendell Corey,Thelma Ritter,444074,100,36764313,6
38,53,Alien,1979,R,8.5,117,"Horror, Sci-Fi",8.4,"After a space merchant vessel receives an unknown transmission as a distress call, one of the crew is attacked by a mysterious life form and they soon realize that its life cycle has merely begun.",Ridley Scott,Sigourney Weaver,Tom Skerritt,John Hurt,Veronica Cartwright,787806,89,78900000,3
39,54,City Lights,1931,G,8.5,87,"Comedy, Drama, Romance",8.5,"With the aid of a wealthy erratic tippler, a dewy-eyed tramp who has fallen in love with a sightless flower girl accumulates money to be able to help her medically.",Charles Chaplin,Charles Chaplin,Virginia Cherrill,Florence Lee,Harry Myers,167839,99,19181,5
40,55,Apocalypse Now,1979,R,8.4,147,"Drama, Mystery, War",8.4,A U.S. Army officer serving in Vietnam is tasked with assassinating a renegade Special Forces Colonel who sees himself as a god.,Francis Ford Coppola,Martin Sheen,Marlon Brando,Robert Duvall,Frederic Forrest,606398,94,83471511,2
41,56,Memento,2000,R,8.4,113,"Mystery, Thriller",8.4,A man with short-term memory loss attempts to track down his wife's murderer.,Christopher Nolan,Guy Pearce,Carrie-Anne Moss,Joe Pantoliano,Mark Boone Junior,1125712,80,25544867,7
42,57,Django Unchained,2012,R,8.5,165,"Drama, Western",8.4,"With the help of a German bounty hunter, a freed slave sets out to rescue his wife from a brutal Mississippi plantation owner.",Quentin Tarantino,Jamie Foxx,Christoph Waltz,Leonardo DiCaprio,Kerry Washington,1357682,81,162805434,5
43,59,WALL·E,2008,G,8.4,98,"Animation, Adventure, Family",8.4,"In the distant future, a small waste-collecting robot inadvertently embarks on a space journey that will ultimately decide the fate of mankind.",Andrew Stanton,Ben Burtt,Elissa Knight,Jeff Garlin,Fred Willard,999790,95,223808164,2
44,60,The Lives of Others,2006,R,8.4,137,"Drama, Mystery, Thriller",8.4,"In 1984 East Berlin, an agent of the secret police, conducting surveillance on a writer and his lover, finds himself becoming increasingly absorbed by their lives.",Florian Henckel von Donnersmarck,Ulrich Mühe,Martina Gedeck,Sebastian Koch,Ulrich Tukur,358685,89,11286112,1
45,62,Paths of Glory,1957,Approved,8.4,88,"Drama, War",8.4,"After refusing to attack an enemy position, a general accuses the soldiers of cowardice and their commanding officer must defend them.",Stanley Kubrick,Kirk Douglas,Ralph Meeker,Adolphe Menjou,George Macready,178092,90,54513740,6
46,63,Avengers: Infinity War,2018,PG-13,8.4,149,"Action, Adventure, Sci-Fi",8.4,The Avengers and their allies must be willing to sacrifice all in an attempt to defeat the powerful Thanos before his blitz of devastation and ruin puts an end to the universe.,Anthony Russo,Joe Russo,Robert Downey Jr.,Chris Hemsworth,Mark Ruffalo,834477,68,678815482,2
47,64,The Shining,1980,R,8.4,146,"Drama, Horror",8.4,"A family heads to an isolated hotel for the winter where a sinister presence influences the father into violence, while his psychic son sees horrific forebodings from both past and future.",Stanley Kubrick,Jack Nicholson,Shelley Duvall,Danny Lloyd,Scatman Crothers,898237,66,44017374,6
48,65,The Great Dictator,1940,G,8.4,125,"Comedy, Drama, War",8.4,Dictator Adenoid Hynkel tries to expand his empire while a poor Jewish barber tries to avoid persecution from Hynkel's regime.,Charles Chaplin,Charles Chaplin,Paulette Goddard,Jack Oakie,Reginald Gardiner,203150,84,288475,5
49,66,Witness for the Prosecution,1957,Approved,8.4,116,"Crime, Drama, Mystery",8.4,A veteran British barrister must defend his client in a murder trial that has surprise after surprise.,Billy Wilder,Tyrone Power,Marlene Dietrich,Charles Laughton,Elsa Lanchester,108862,84,8175000,4
50,67,Spider-Man: Into the Spider-Verse,2018,PG,8.4,117,"Animation, Action, Adventure",8.4,"Teen Miles Morales becomes the Spider-Man of his universe, and must join with five spider-powered individuals from other dimensions to stop a threat for all realities.",Bob Persichetti,Peter Ramsey,Rodney Rothman,Shameik Moore,Jake Johnson,375110,87,190241310,1
51,68,Aliens,1986,R,8.4,137,"Action, Adventure, Sci-Fi",8.3,"Fifty-seven years after surviving an apocalyptic attack aboard her space vessel by merciless space creatures, Officer Ripley awakens from hyper-sleep and tries to warn anyone who will listen about the predators.",James Cameron,Sigourney Weaver,Michael Biehn,Carrie Henn,Paul Reiser,652719,84,85160248,3
52,69,American Beauty,1999,R,8.3,122,Drama,8.3,A sexually frustrated suburban father has a mid-life crisis after becoming infatuated with his daughter's best friend.,Sam Mendes,Kevin Spacey,Annette Bening,Thora Birch,Wes Bentley,1069738,84,130096601,2
53,70,The Dark Knight Rises,2012,PG-13,8.4,164,"Action, Adventure",8.4,"Eight years after the Joker's reign of anarchy, Batman, with the help of the enigmatic Catwoman, is forced from his exile to save Gotham City from the brutal guerrilla terrorist Bane.",Christopher Nolan,Christian Bale,Tom Hardy,Anne Hathaway,Gary Oldman,1516346,78,448139099,7
54,71,Inglourious Basterds,2009,R,8.3,153,"Adventure, Drama, War",8.3,"In Nazi-occupied France during World War II, a plan to assassinate Nazi leaders by a group of Jewish U.S. soldiers coincides with a theatre owner's vengeful plans for the same.",Quentin Tarantino,Brad Pitt,Diane Kruger,Eli Roth,Mélanie Laurent,1267869,69,120540719,5
55,74,Coco,2017,PG,8.4,105,"Animation, Adventure, Family",8.4,"Aspiring musician Miguel, confronted with his family's ancestral ban on music, enters the Land of the Dead to find his great-great-grandfather, a legendary singer.",Lee Unkrich,Adrian Molina,Anthony Gonzalez,Gael García Bernal,Benjamin Bratt,384171,81,209726015,2
56,75,Amadeus,1984,PG,8.4,160,"Biography, Drama, History",8.3,"The life, success and troubles of Wolfgang Amadeus Mozart, as told by Antonio Salieri, the contemporaneous composer who was insanely jealous of Mozart's talent and claimed to have murdered him.",Milos Forman,F. Murray Abraham,Tom Hulce,Elizabeth Berridge,Roy Dotrice,369007,88,51973029,2
57,76,Toy Story,1995,G,8.3,81,"Animation, Adventure, Comedy",8.3,A cowboy doll is profoundly threatened and jealous when a new spaceman figure supplants him as top toy in a boy's room.,John Lasseter,Tom Hanks,Tim Allen,Don Rickles,Jim Varney,887429,95,191796233,1
58,77,Das Boot,1981,R,8.4,149,"Adventure, Drama, Thriller",8.3,"The claustrophobic world of a WWII German U-boat; boredom, filth and sheer terror.",Wolfgang Petersen,Jürgen Prochnow,Herbert Grönemeyer,Klaus Wennemann,Hubertus Bengsch,231855,86,11487676,1
59,78,Braveheart,1995,R,8.3,178,"Biography, Drama, History",8.3,Scottish warrior William Wallace leads his countrymen in a rebellion to free his homeland from the tyranny of King Edward I of England.,Mel Gibson,Mel Gibson,Sophie Marceau,Patrick McGoohan,Angus Macfadyen,959181,68,75600000,2
60,79,Joker,2019,R,8.4,122,"Crime, Drama, Thriller",8.5,"In Gotham City, mentally troubled comedian Arthur Fleck is disregarded and mistreated by society. He then embarks on a downward spiral of revolution and bloody crime. This path brings him face-to-face with his alter-ego: the Joker.",Todd Phillips,Joaquin Phoenix,Robert De Niro,Zazie Beetz,Frances Conroy,939252,59,335451311,1
61,80,Avengers: Endgame,2019,PG-13,8.4,181,"Action, Adventure, Drama",8.4,"After the devastating events of Avengers: Infinity War (2018), the universe is in ruins. With the help of remaining allies, the Avengers assemble once more in order to reverse Thanos' actions and restore balance to the universe.",Anthony Russo,Joe Russo,Robert Downey Jr.,Chris Evans,Mark Ruffalo,809955,78,858373000,2
62,82,Good Will Hunting,1997,R,8.3,126,"Drama, Romance",8.3,"Will Hunting, a janitor at M.I.T., has a gift for mathematics, but needs help from a psychologist to find direction in his life.",Gus Van Sant,Robin Williams,Matt Damon,Ben Affleck,Stellan Skarsgård,861606,70,138433435,1
63,83,Once Upon a Time in America,1984,R,8.3,229,"Crime, Drama",8.4,"A former Prohibition-era Jewish gangster returns to the Lower East Side of Manhattan over thirty years later, where he once again must confront the ghosts and regrets of his old life.",Sergio Leone,Robert De Niro,James Woods,Elizabeth McGovern,Treat Williams,311365,84,5321508,2
64,85,3 Idiots,2009,PG-13,8.4,170,"Comedy, Drama",8.4,"Two friends are searching for their long lost companion. They revisit their college days and recall the memories of their friend who inspired them to think differently, even as the rest of the world called them ""idiots"".",Rajkumar Hirani,Aamir Khan,Madhavan,Mona Singh,Sharman Joshi,344445,67,6532908,1
65,87,Singin' in the Rain,1952,G,8.3,103,"Comedy, Musical, Romance",8.3,A silent film production company and cast make a difficult transition to sound.,Stanley Donen,Gene Kelly,Gene Kelly,Donald O'Connor,Debbie Reynolds,218957,99,8819028,1
66,88,Requiem for a Dream,2000,Unrated,8.3,102,Drama,8.3,The drug-induced utopias of four Coney Island people are shattered when their addictions run deep.,Darren Aronofsky,Ellen Burstyn,Jared Leto,Jennifer Connelly,Marlon Wayans,766870,68,3635482,1
67,90,Toy Story 3,2010,G,8.3,103,"Animation, Adventure, Comedy",8.2,"The toys are mistakenly delivered to a day-care center instead of the attic right before Andy leaves for college, and it's up to Woody to convince the other toys that they weren't abandoned and to return home.",Lee Unkrich,Tom Hanks,Tim Allen,Joan Cusack,Ned Beatty,757032,92,415004880,2
68,92,Star Wars: Episode VI - Return of the Jedi,1983,PG,8.3,131,"Action, Adventure, Fantasy",8.3,"After a daring mission to rescue Han Solo from Jabba the Hutt, the Rebels dispatch to Endor to destroy the second Death Star. Meanwhile, Luke struggles to help Darth Vader back from the dark side without falling into the Emperor's trap.",Richard Marquand,Mark Hamill,Harrison Ford,Carrie Fisher,Billy Dee Williams,950470,58,309125409,1
69,93,Eternal Sunshine of the Spotless Mind,2004,R,8.3,108,"Drama, Romance, Sci-Fi",8.3,"When their relationship turns sour, a couple undergoes a medical procedure to have each other erased from their memories.",Michel Gondry,Jim Carrey,Kate Winslet,Tom Wilkinson,Gerry Robert Byrne,911664,89,34400301,1
70,94,2001: A Space Odyssey,1968,G,8.3,149,"Adventure, Sci-Fi",8.3,"After discovering a mysterious artifact buried beneath the Lunar surface, mankind sets off on a quest to find its origins with help from intelligent supercomputer H.A.L. 9000.",Stanley Kubrick,Keir Dullea,Gary Lockwood,William Sylvester,Daniel Richter,603517,84,56954992,6
71,96,Reservoir Dogs,1992,R,8.3,99,"Crime, Drama, Thriller",8.3,"When a simple jewelry heist goes horribly wrong, the surviving criminals begin to suspect that one of them is a police informant.",Quentin Tarantino,Harvey Keitel,Tim Roth,Michael Madsen,Chris Penn,918562,79,2832029,5
72,97,Ikiru,1952,Not Rated,8.3,143,Drama,8.3,A bureaucrat tries to find a meaning in his life after he discovers he has terminal cancer.,Akira Kurosawa,Takashi Shimura,Nobuo Kaneko,Shin'ichi Himori,Haruo Tanaka,68463,84,55240,2
73,98,Lawrence of Arabia,1962,Approved,8.3,228,"Adventure, Biography, Drama",8.3,"The story of T.E. Lawrence, the English officer who successfully united and led the diverse, often warring, Arab tribes during World War I in order to fight the Turks.",David Lean,Peter O'Toole,Alec Guinness,Anthony Quinn,Jack Hawkins,268085,100,44824144,2
74,99,Citizen Kane,1941,PG,8.3,119,"Drama, Mystery",8.3,"Following the death of publishing tycoon Charles Foster Kane, reporters scramble to uncover the meaning of his final utterance; 'Rosebud'.",Orson Welles,Orson Welles,Joseph Cotten,Dorothy Comingore,Agnes Moorehead,403351,100,1585634,1
75,101,North by Northwest,1959,Approved,8.3,136,"Adventure, Mystery, Thriller",8.3,A New York City advertising executive goes on the run after being mistaken for a government agent by a group of foreign spies.,Alfred Hitchcock,Cary Grant,Eva Marie Saint,James Mason,Jessie Royce Landis,299198,98,13275000,6
76,102,The Apartment,1960,Approved,8.3,125,"Comedy, Drama, Romance",8.3,"A man tries to rise in his company by letting its executives use his apartment for trysts, but complications and a romance of his own ensue.",Billy Wilder,Jack Lemmon,Shirley MacLaine,Fred MacMurray,Ray Walston,164363,94,18600000,4
77,103,Vertigo,1958,PG,8.3,128,"Mystery, Romance, Thriller",8.3,A former police detective juggles wrestling with his personal demons and becoming obsessed with a hauntingly beautiful woman.,Alfred Hitchcock,James Stewart,Kim Novak,Barbara Bel Geddes,Tom Helmore,364368,100,3200000,6
78,104,Double Indemnity,1944,Passed,8.3,107,"Crime, Drama, Film-Noir",8.3,An insurance representative lets himself be talked by a seductive housewife into a murder/insurance fraud scheme that arouses the suspicion of an insurance investigator.,Billy Wilder,Fred MacMurray,Barbara Stanwyck,Edward G. Robinson,Byron Barr,143525,95,5720000,4
79,105,Amélie,2001,R,8.3,122,"Comedy, Romance",8.3,"Amélie is an innocent and naive girl in Paris with her own sense of justice. She decides to help those around her and, along the way, discovers love.",Jean-Pierre Jeunet,Audrey Tautou,Mathieu Kassovitz,Rufus,Lorella Cravotta,703810,69,33225499,1
80,106,Scarface,1983,18+,8.3,170,"Crime, Drama",8.3,"In 1980 Miami, a determined Cuban immigrant takes over a drug cartel and succumbs to greed.",Brian De Palma,Al Pacino,Michelle Pfeiffer,Steven Bauer,Mary Elizabeth Mastrantonio,740911,65,45598982,1
81,107,Full Metal Jacket,1987,R,8.3,116,"Drama, War",8.3,A pragmatic U.S. Marine observes the dehumanizing effects the Vietnam War has on his fellow recruits from their brutal boot camp training to the bloody street fighting in Hue.,Stanley Kubrick,Matthew Modine,R. Lee Ermey,Vincent D'Onofrio,Adam Baldwin,675146,76,46357676,6
82,108,A Clockwork Orange,1971,X,8.3,136,"Crime, Drama, Sci-Fi",8.3,"In the future, a sadistic gang leader is imprisoned and volunteers for a conduct-aversion experiment, but it doesn't go as planned.",Stanley Kubrick,Malcolm McDowell,Patrick Magee,Michael Bates,Warren Clarke,757904,77,6207725,6
83,109,Incendies,2010,R,8.3,131,"Drama, Mystery, War",8.3,Twins journey to the Middle East to discover their family history and fulfill their mother's last wishes.,Denis Villeneuve,Lubna Azabal,Mélissa Désormeaux-Poulin,Maxim Gaudette,Mustafa Kamel,150023,80,6857096,2
84,110,Hamilton,2020,PG-13,8.3,160,"Biography, Drama, History",8.6,"The real life of one of America's foremost founding fathers and first Secretary of the Treasury, Alexander Hamilton. Captured live on Broadway from the Richard Rodgers Theater with the original Broadway cast.",Thomas Kail,Lin-Manuel Miranda,Phillipa Soo,Leslie Odom Jr.,Renée Elise Goldsberry,55291,90,54513740,1
85,111,Heat,1995,R,8.3,170,"Crime, Drama, Thriller",8.2,A group of professional bank robbers start to feel the heat from police when they unknowingly leave a clue at their latest heist.,Michael Mann,Al Pacino,Robert De Niro,Val Kilmer,Jon Voight,577113,76,67436818,1
86,112,Up,2009,PG,8.3,96,"Animation, Adventure, Comedy",8.2,"78-year-old Carl Fredricksen travels to Paradise Falls in his house equipped with balloons, inadvertently taking a young stowaway.",Pete Docter,Bob Peterson,Edward Asner,Jordan Nagai,John Ratzenberger,935507,88,293004164,2
87,113,To Kill a Mockingbird,1962,Approved,8.3,129,"Crime, Drama",8.2,"Atticus Finch, a lawyer in the Depression-era South, defends a black man against an undeserved rape charge, and his children against prejudice.",Robert Mulligan,Gregory Peck,John Megna,Frank Overton,Rosemary Murphy,293811,88,54513740,1
88,114,The Sting,1973,PG,8.3,129,"Comedy, Crime, Drama",8.3,Two grifters team up to pull off the ultimate con.,George Roy Hill,Paul Newman,Robert Redford,Robert Shaw,Charles Durning,241513,83,159600000,1
89,116,Indiana Jones and the Last Crusade,1989,PG-13,8.2,127,"Action, Adventure",8.2,"In 1938, after his father Professor Henry Jones, Sr. goes missing while pursuing the Holy Grail, Professor Henry ""Indiana"" Jones, Jr. finds himself up against Adolf Hitler's Nazis again to stop them from obtaining its powers.",Steven Spielberg,Harrison Ford,Sean Connery,Alison Doody,Denholm Elliott,692366,65,197171806,6
90,117,Metropolis,1927,Not Rated,8.3,153,"Drama, Sci-Fi",8.3,"In a futuristic city sharply divided between the working class and the city planners, the son of the city's mastermind falls in love with a working-class prophet who predicts the coming of a savior to mediate their differences.",Fritz Lang,Brigitte Helm,Alfred Abel,Gustav Fröhlich,Rudolf Klein-Rogge,159992,98,1236166,1
91,118,Die Hard,1988,R,8.2,132,"Action, Thriller",8.2,An NYPD officer tries to save his wife and several others taken hostage by German terrorists during a Christmas party at the Nakatomi Plaza in Los Angeles.,John McTiernan,Bruce Willis,Alan Rickman,Bonnie Bedelia,Reginald VelJohnson,793164,72,83008852,1
92,119,L.A. Confidential,1997,R,8.2,138,"Crime, Drama, Mystery",8.2,"As corruption grows in 1950s Los Angeles, three policemen - one strait-laced, one brutal, and one sleazy - investigate a series of murders with their own brand of justice.",Curtis Hanson,Kevin Spacey,Russell Crowe,Guy Pearce,Kim Basinger,531967,90,64616940,1
93,121,Snatch,2000,R,8.2,104,"Comedy, Crime",8.3,"Unscrupulous boxing promoters, violent bookmakers, a Russian gangster, incompetent amateur robbers and supposedly Jewish jewelers fight to track down a priceless stolen diamond.",Guy Ritchie,Jason Statham,Brad Pitt,Benicio Del Toro,Dennis Farina,782001,55,30328156,2
94,123,Taxi Driver,1976,R,8.2,114,"Crime, Drama",8.3,"A mentally unstable veteran works as a nighttime taxi driver in New York City, where the perceived decadence and sleaze fuels his urge for violent action by attempting to liberate a presidential campaign worker and an underage prostitute.",Martin Scorsese,Robert De Niro,Jodie Foster,Cybill Shepherd,Albert Brooks,724636,94,28262574,7
95,124,1917,2019,R,8.2,119,"Drama, Thriller, War",8.3,"April 6th, 1917. As a regiment assembles to wage war deep in enemy territory, two soldiers are assigned to race against time and deliver a message that will stop 1,600 men from walking straight into a deadly trap.",Sam Mendes,Dean-Charles Chapman,George MacKay,Daniel Mays,Colin Firth,425844,78,159227644,2
96,126,Dangal,2016,Not Rated,8.3,161,"Action, Biography, Drama",8.4,Former wrestler Mahavir Singh Phogat and his two wrestler daughters struggle towards glory at the Commonwealth Games in the face of societal oppression.,Nitesh Tiwari,Aamir Khan,Sakshi Tanwar,Fatima Sana Shaikh,Sanya Malhotra,156479,84,12391761,1
97,129,Batman Begins,2005,PG-13,8.2,140,"Action, Adventure",8.2,"After training with his mentor, Batman begins his fight to free crime-ridden Gotham City from corruption.",Christopher Nolan,Christian Bale,Michael Caine,Ken Watanabe,Liam Neeson,1308302,70,206852432,7
98,130,Some Like It Hot,1959,Passed,8.2,121,"Comedy, Music, Romance",8.2,"After two male musicians witness a mob hit, they flee the state in an all-female band disguised as women, but further complications set in.",Billy Wilder,Marilyn Monroe,Tony Curtis,Jack Lemmon,George Raft,243943,98,25000000,4
99,131,The Kid,1921,Passed,8.2,68,"Comedy, Drama, Family",8.3,"The Tramp cares for an abandoned child, but events put that relationship in jeopardy.",Charles Chaplin,Charles Chaplin,Edna Purviance,Jackie Coogan,Carl Miller,113314,84,5450000,5
100,132,The Wolf of Wall Street,2013,R,8.2,180,"Biography, Crime, Drama",8.2,"Based on the true story of Jordan Belfort, from his rise to a wealthy stock-broker living the high life to his fall involving crime, corruption and the federal government.",Martin Scorsese,Leonardo DiCaprio,Jonah Hill,Margot Robbie,Matthew McConaughey,1187498,75,116900694,7
101,134,Green Book,2018,PG-13,8.2,130,"Biography, Comedy, Drama",8.2,A working-class Italian-American bouncer becomes the driver of an African-American classical pianist on a tour of venues through the 1960s American South.,Peter Farrelly,Viggo Mortensen,Mahershala Ali,Linda Cardellini,Sebastian Maniscalco,377884,69,85080171,1
102,135,All About Eve,1950,Passed,8.2,138,Drama,8.2,A seemingly timid but secretly ruthless ingénue insinuates herself into the lives of an aging Broadway star and her circle of theater friends.,Joseph L. Mankiewicz,Bette Davis,Anne Baxter,George Sanders,Celeste Holm,120539,98,10177,1
103,136,Judgment at Nuremberg,1961,Approved,8.3,179,"Drama, War",8.2,"In 1948, an American court in occupied Germany tries four Nazis judged for war crimes.",Stanley Kramer,Spencer Tracy,Burt Lancaster,Richard Widmark,Marlene Dietrich,69458,60,54513740,1
104,137,The Truman Show,1998,PG,8.2,103,"Comedy, Drama",8.1,An insurance salesman discovers his whole life is actually a reality TV show.,Peter Weir,Jim Carrey,Ed Harris,Laura Linney,Noah Emmerich,939631,90,125618201,2
105,138,There Will Be Blood,2007,R,8.2,158,Drama,8.2,"A story of family, religion, hatred, oil and madness, focusing on a turn-of-the-century prospector in the early days of the business.",Paul Thomas Anderson,Daniel Day-Lewis,Paul Dano,Ciarán Hinds,Martin Stringer,517359,93,40222514,1
106,139,Ran,1985,R,8.2,162,"Action, Drama, War",8.2,"In Medieval Japan, an elderly warlord retires, handing over his empire to his three sons. However, he vastly underestimates how the new-found power will corrupt them and cause them to turn on each other...and him.",Akira Kurosawa,Tatsuya Nakadai,Akira Terao,Jinpachi Nezu,Daisuke Ryû,112505,96,4135750,2
107,140,Casino,1995,R,8.2,178,"Crime, Drama",8.2,"A tale of greed, deception, money, power, and murder occur between two best friends: a mafia enforcer and a casino executive compete against each other over a gambling empire, and over a fast-living and fast-loving socialite.",Martin Scorsese,Robert De Niro,Sharon Stone,Joe Pesci,James Woods,466276,73,42438300,7
108,141,Shutter Island,2010,R,8.2,138,"Mystery, Thriller",8.2,"In 1954, a U.S. Marshal investigates the disappearance of a murderer who escaped from a hospital for the criminally insane.",Martin Scorsese,Leonardo DiCaprio,Emily Mortimer,Mark Ruffalo,Ben Kingsley,1129894,63,128012934,7
109,142,Pan's Labyrinth,2006,R,8.2,118,"Drama, Fantasy, War",8.2,"In the Falangist Spain of 1944, the bookish young stepdaughter of a sadistic army officer escapes into an eerie but captivating fantasy world.",Guillermo del Toro,Ivana Baquero,Ariadna Gil,Sergi López,Maribel Verdú,618623,98,37634615,1
110,143,The Sixth Sense,1999,PG-13,8.2,107,"Drama, Mystery, Thriller",8.1,A boy who communicates with spirits seeks the help of a disheartened child psychologist.,M. Night Shyamalan,Bruce Willis,Haley Joel Osment,Toni Collette,Olivia Williams,911573,64,293506292,1
111,144,Unforgiven,1992,R,8.2,130,"Drama, Western",8.2,"Retired Old West gunslinger William Munny reluctantly takes on one last job, with the help of his old partner Ned Logan and a young man, The ""Schofield Kid.""",Clint Eastwood,Clint Eastwood,Gene Hackman,Morgan Freeman,Richard Harris,375935,85,101157447,3
112,145,Jurassic Park,1993,PG-13,8.2,127,"Action, Adventure, Sci-Fi",8.1,A pragmatic paleontologist visiting an almost complete theme park is tasked with protecting a couple of kids after a power failure causes the park's cloned dinosaurs to run loose.,Steven Spielberg,Sam Neill,Laura Dern,Jeff Goldblum,Richard Attenborough,867615,68,402453882,6
113,146,A Beautiful Mind,2001,PG-13,8.2,135,"Biography, Drama",8.2,"After John Nash, a brilliant but asocial mathematician, accepts secret work in cryptography, his life takes a turn for the nightmarish.",Ron Howard,Russell Crowe,Ed Harris,Jennifer Connelly,Christopher Plummer,848920,72,170742341,2
114,147,The Treasure of the Sierra Madre,1947,Passed,8.2,126,"Adventure, Drama, Western",8.2,Two Americans searching for work in Mexico convince an old prospector to help them mine for gold in the Sierra Madre Mountains.,John Huston,Humphrey Bogart,Walter Huston,Tim Holt,Bruce Bennett,114304,98,5014000,1
115,149,No Country for Old Men,2007,R,8.2,122,"Crime, Drama, Thriller",8.1,Violence and mayhem ensue after a hunter stumbles upon a drug deal gone wrong and more than two million dollars in cash near the Rio Grande.,Ethan Coen,Joel Coen,Tommy Lee Jones,Javier Bardem,Josh Brolin,856916,91,74283625,1
116,150,Monty Python and the Holy Grail,1975,PG,8.2,91,"Adventure, Comedy, Fantasy",8.2,"King Arthur and his Knights of the Round Table embark on a surreal, low-budget search for the Holy Grail, encountering many, very silly obstacles.",Terry Gilliam,Terry Jones,Graham Chapman,John Cleese,Eric Idle,500875,91,1229197,1
117,151,Kill Bill: Vol. 1,2003,R,8.2,111,"Action, Crime, Drama",8.1,"After awakening from a four-year coma, a former assassin wreaks vengeance on the team of assassins who betrayed her.",Quentin Tarantino,Uma Thurman,David Carradine,Daryl Hannah,Michael Madsen,1000639,69,70099045,5
118,152,The Great Escape,1963,Approved,8.2,172,"Adventure, Drama, History",8.2,Allied prisoners of war plan for several hundred of their number to escape from a German camp during World War II.,John Sturges,Steve McQueen,James Garner,Richard Attenborough,Charles Bronson,224730,86,12100000,1
119,153,The Thing,1982,16+,8.2,109,"Horror, Mystery, Sci-Fi",8.1,A research team in Antarctica is hunted by a shape-shifting alien that assumes the appearance of its victims.,John Carpenter,Kurt Russell,Wilford Brimley,Keith David,Richard Masur,371271,57,13782838,1
120,155,Finding Nemo,2003,G,8.2,100,"Animation, Adventure, Comedy",8.1,"After his son is captured in the Great Barrier Reef and taken to Sydney, a timid clownfish sets out on a journey to bring him home.",Andrew Stanton,Lee Unkrich,Albert Brooks,Ellen DeGeneres,Alexander Gould,949565,90,380843261,2
121,156,The Elephant Man,1980,PG,8.2,124,"Biography, Drama",8.1,"A Victorian surgeon rescues a heavily disfigured man who is mistreated while scraping a living as a side-show freak. Behind his monstrous façade, there is revealed a person of kindness, intelligence and sophistication.",David Lynch,Anthony Hopkins,John Hurt,Anne Bancroft,John Gielgud,220078,78,54513740,1
122,157,Chinatown,1974,R,8.2,130,"Drama, Mystery, Thriller",8.1,"A private detective hired to expose an adulterer finds himself caught up in a web of deceit, corruption, and murder.",Roman Polanski,Jack Nicholson,Faye Dunaway,John Huston,Perry Lopez,294230,92,29000000,2
123,159,Gone with the Wind,1939,Passed,8.2,238,"Drama, History, Romance",8.1,A manipulative woman and a roguish man conduct a turbulent romance during the American Civil War and Reconstruction periods.,Victor Fleming,George Cukor,Sam Wood,Clark Gable,Vivien Leigh,290074,97,198676459,2
124,160,V for Vendetta,2005,R,8.2,132,"Action, Drama, Sci-Fi",8.2,"In a future British tyranny, a shadowy freedom fighter, known only by the alias of ""V"", plots to overthrow it with the help of a young woman.",James McTeigue,Hugo Weaving,Natalie Portman,Rupert Graves,Stephen Rea,1032749,62,70511035,1
125,161,Dial M for Murder,1954,PG,8.2,105,"Crime, Thriller",8.2,A former tennis player tries to arrange his wife's murder after learning of her affair.,Alfred Hitchcock,Ray Milland,Grace Kelly,Robert Cummings,John Williams,158335,75,12562,6
126,163,Raging Bull,1980,R,8.1,129,"Biography, Drama, Sport",8.2,"The life of boxer Jake LaMotta, whose violence and temper that led him to the top in the ring destroyed his life outside of it.",Martin Scorsese,Robert De Niro,Cathy Moriarty,Joe Pesci,Frank Vincent,321860,89,23383987,7
127,164,"Lock, Stock and Two Smoking Barrels",1998,R,8.1,107,"Action, Comedy, Crime",8.2,"A botched card game in London triggers four friends, thugs, weed-growers, hard gangsters, loan sharks and debt collectors to collide with each other in a series of unexpected events, all for the sake of weed, cash and two antique shotguns.",Guy Ritchie,Jason Flemyng,Dexter Fletcher,Nick Moran,Jason Statham,535216,66,3897569,2
128,166,Inside Out,2015,PG,8.1,95,"Animation, Adventure, Comedy",8.1,"After young Riley is uprooted from her Midwest life and moved to San Francisco, her emotions - Joy, Fear, Anger, Disgust and Sadness - conflict on how best to navigate a new city, house, and school.",Pete Docter,Ronnie Del Carmen,Amy Poehler,Bill Hader,Lewis Black,616228,94,356461711,2
129,167,Prisoners,2013,R,8.1,153,"Crime, Drama, Mystery",8.1,"When Keller Dover's daughter and her friend go missing, he takes matters into his own hands as the police pursue multiple leads and the pressure mounts.",Denis Villeneuve,Hugh Jackman,Jake Gyllenhaal,Viola Davis,Melissa Leo,601149,70,61002302,2
130,168,"Three Billboards Outside Ebbing, Missouri",2017,R,8.1,115,"Comedy, Crime, Drama",8.2,A mother personally challenges the local authorities to solve her daughter's murder when they fail to catch the culprit.,Martin McDonagh,Frances McDormand,Woody Harrelson,Sam Rockwell,Caleb Landry Jones,432610,88,54513740,1
131,169,The Bridge on the River Kwai,1957,PG,8.1,161,"Adventure, Drama, War",8.1,"British POWs are forced to build a railway bridge across the river Kwai for their Japanese captors, not knowing that the allied forces are planning to destroy it.",David Lean,William Holden,Alec Guinness,Jack Hawkins,Sessue Hayakawa,203463,87,44908000,2
132,170,Trainspotting,1996,R,8.1,93,Drama,8.1,"Renton, deeply immersed in the Edinburgh drug scene, tries to clean up and get out, despite the allure of the drugs and influence of friends.",Danny Boyle,Ewan McGregor,Ewen Bremner,Jonny Lee Miller,Kevin McKidd,634716,83,16501785,1
133,171,Fargo,1996,R,8.1,98,"Crime, Drama, Thriller",8.1,Jerry Lundegaard's inept crime falls apart due to his and his henchmen's bungling and the persistent police work of the quite pregnant Marge Gunderson.,Joel Coen,Ethan Coen,William H. Macy,Frances McDormand,Steve Buscemi,617444,85,24611975,2
134,172,Warrior,2011,PG-13,8.1,140,"Action, Drama, Sport",8.2,"The youngest son of an alcoholic former boxer returns home, where he's trained by his father for competition in a mixed martial arts tournament - a path that puts the fighter on a collision course with his estranged, older brother.",Gavin O'Connor,Tom Hardy,Nick Nolte,Joel Edgerton,Jennifer Morrison,435950,71,13657115,1
135,173,Gran Torino,2008,R,8.1,116,Drama,8.1,"Disgruntled Korean War veteran Walt Kowalski sets out to reform his neighbor, Thao Lor, a Hmong teenager who tried to steal Kowalski's prized possession: a 1972 Gran Torino.",Clint Eastwood,Clint Eastwood,Bee Vang,Christopher Carley,Ahney Her,720450,72,148095302,3
136,174,Catch Me If You Can,2002,PG-13,8.1,141,"Biography, Crime, Drama",8.1,"Barely 21 yet, Frank is a skilled forger who has passed as a doctor, lawyer and pilot. FBI agent Carl becomes obsessed with tracking down the con man, who only revels in the pursuit.",Steven Spielberg,Leonardo DiCaprio,Tom Hanks,Christopher Walken,Martin Sheen,832846,75,164615351,6
137,176,Million Dollar Baby,2004,PG-13,8.1,132,"Drama, Sport",8.1,A determined woman works with a hardened boxing trainer to become a professional.,Clint Eastwood,Hilary Swank,Clint Eastwood,Morgan Freeman,Jay Baruchel,635975,86,100492203,3
138,177,Klaus,2019,PG,8.2,96,"Animation, Adventure, Comedy",8.2,"A simple act of kindness always sparks another, even in a frozen, faraway place. When Smeerensburg's new postman, Jesper, befriends toymaker Klaus, their gifts melt an age-old feud and deliver a sleigh full of holiday traditions.",Sergio Pablos,Carlos Martínez López,Jason Schwartzman,J.K. Simmons,Rashida Jones,104761,65,54513740,1
139,178,Harry Potter and the Deathly Hallows: Part 2,2011,PG-13,8.1,130,"Adventure, Drama, Fantasy",8.1,"Harry, Ron, and Hermione search for Voldemort's remaining Horcruxes in their effort to destroy the Dark Lord as the final battle rages on at Hogwarts.",David Yates,Daniel Radcliffe,Emma Watson,Rupert Grint,Michael Gambon,764493,85,381011219,1
140,180,Blade Runner,1982,R,8.1,117,"Action, Sci-Fi, Thriller",8.1,"A blade runner must pursue and terminate four replicants who stole a ship in space, and have returned to Earth to find their creator.",Ridley Scott,Harrison Ford,Rutger Hauer,Sean Young,Edward James Olmos,693827,84,32868943,3
141,181,12 Years a Slave,2013,R,8.1,134,"Biography, Drama, History",8.1,"In the antebellum United States, Solomon Northup, a free black man from upstate New York, is abducted and sold into slavery.",Steve McQueen,Chiwetel Ejiofor,Michael Kenneth Williams,Michael Fassbender,Brad Pitt,640533,96,56671993,1
142,182,Before Sunrise,1995,R,8.1,101,"Drama, Romance",8.1,"A young man and woman meet on a train in Europe, and wind up spending one evening together in Vienna. Unfortunately, both know that this will probably be their only night together.",Richard Linklater,Ethan Hawke,Julie Delpy,Andrea Eckert,Hanno Pöschl,272291,77,5535405,2
143,183,The Gold Rush,1925,Passed,8.1,95,"Adventure, Comedy, Drama",8.2,A prospector goes to the Klondike in search of gold and finds it and more.,Charles Chaplin,Charles Chaplin,Mack Swain,Tom Murray,Henry Bergman,101053,84,5450000,5
144,184,The Grand Budapest Hotel,2014,R,8.1,99,"Adventure, Comedy, Crime",8.1,"A writer encounters the owner of an aging high-class hotel, who tells him of his early years serving as a lobby boy in the hotel's glorious years under an exceptional concierge.",Wes Anderson,Ralph Fiennes,F. Murray Abraham,Mathieu Amalric,Adrien Brody,707630,88,59100318,1
145,185,Ben-Hur,1959,G,8.1,212,"Adventure, Drama, History",8.1,"After a Jewish prince is betrayed and sent into slavery by a Roman friend, he regains his freedom and comes back for revenge.",William Wyler,Charlton Heston,Jack Hawkins,Stephen Boyd,Haya Harareet,219466,90,74700000,2
146,186,Gone Girl,2014,R,8.1,149,"Drama, Mystery, Thriller",8.1,"With his wife's disappearance having become the focus of an intense media circus, a man sees the spotlight turned on him when it's suspected that he may not be innocent.",David Fincher,Ben Affleck,Rosamund Pike,Neil Patrick Harris,Tyler Perry,859695,79,167767189,3
147,187,On the Waterfront,1954,Approved,8.1,108,"Crime, Drama, Thriller",8.1,An ex-prize fighter turned longshoreman struggles to stand up to his corrupt union bosses.,Elia Kazan,Marlon Brando,Karl Malden,Lee J. Cobb,Rod Steiger,142107,91,9600000,1
148,188,Barry Lyndon,1975,PG,8.1,185,"Adventure, Drama, History",8.1,An Irish rogue wins the heart of a rich widow and assumes her dead husband's aristocratic position in 18th-century England.,Stanley Kubrick,Ryan O'Neal,Marisa Berenson,Patrick Magee,Hardy Krüger,149843,89,54513740,6
149,189,Hacksaw Ridge,2016,R,8.1,139,"Biography, Drama, History",8.1,"World War II American Army Medic Desmond T. Doss, who served during the Battle of Okinawa, refuses to kill people, and becomes the first man in American history to receive the Medal of Honor without firing a shot.",Mel Gibson,Andrew Garfield,Sam Worthington,Luke Bracey,Teresa Palmer,435928,71,67209615,2
150,190,In the Name of the Father,1993,R,8.1,133,"Biography, Crime, Drama",8.1,A man's coerced confession to an I.R.A. bombing he did not commit results in the imprisonment of his father as well. An English lawyer fights to free them.,Jim Sheridan,Daniel Day-Lewis,Pete Postlethwaite,Alison Crosbie,Philip King,156842,84,25010410,1
151,191,The General,1926,Passed,8.1,67,"Action, Adventure, Comedy",8.1,"When Union spies steal an engineer's beloved locomotive, he pursues it single-handedly and straight through enemy lines.",Clyde Bruckman,Buster Keaton,Buster Keaton,Marion Mack,Glen Cavender,81156,84,1033895,1
152,192,The Deer Hunter,1978,R,8.1,183,"Drama, War",8.1,An in-depth examination of the ways in which the U.S. Vietnam War impacts and disrupts the lives of people in a small industrial town in Pennsylvania.,Michael Cimino,Robert De Niro,Christopher Walken,John Cazale,John Savage,311361,86,48979328,1
153,196,The Third Man,1949,Approved,8.1,104,"Film-Noir, Mystery, Thriller",8.1,"Pulp novelist Holly Martins travels to shadowy, postwar Vienna, only to find himself investigating the mysterious death of an old friend, Harry Lime.",Carol Reed,Orson Welles,Joseph Cotten,Alida Valli,Trevor Howard,158731,97,449191,1
154,199,Mad Max: Fury Road,2015,R,8.1,120,"Action, Adventure, Sci-Fi",8.1,"In a post-apocalyptic wasteland, a woman rebels against a tyrannical ruler in search for her homeland with the aid of a group of female prisoners, a psychotic worshiper, and a drifter named Max.",George Miller,Tom Hardy,Charlize Theron,Nicholas Hoult,Zoë Kravitz,882316,90,154058340,1
155,200,Dead Poets Society,1989,PG,8.1,128,"Comedy, Drama",8.1,Maverick teacher John Keating uses poetry to embolden his boarding school students to new heights of self-expression.,Peter Weir,Robin Williams,Robert Sean Leonard,Ethan Hawke,Josh Charles,425457,79,95860116,2
156,203,How to Train Your Dragon,2010,PG,8.1,98,"Animation, Action, Adventure",8.1,"A hapless young Viking who aspires to hunt dragons becomes the unlikely friend of a young dragon himself, and learns there may be more to the creatures than he assumed.",Dean DeBlois,Chris Sanders,Jay Baruchel,Gerard Butler,Christopher Mintz-Plasse,666773,75,217581231,1
157,204,Jaws,1975,PG,8.1,124,"Adventure, Thriller",8,"When a killer shark unleashes chaos on a beach community, it's up to a local sheriff, a marine biologist, and an old seafarer to hunt the beast down.",Steven Spielberg,Roy Scheider,Robert Shaw,Richard Dreyfuss,Lorraine Gary,543388,87,260000000,6
158,205,Mary and Max,2009,Not Rated,8.1,92,"Animation, Comedy, Drama",8.1,"A tale of friendship between two unlikely pen pals: Mary, a lonely, eight-year-old girl living in the suburbs of Melbourne, and Max, a forty-four-year old, severely obese man living in New York.",Adam Elliot,Toni Collette,Philip Seymour Hoffman,Eric Bana,Barry Humphries,164462,84,54513740,1
159,207,Room,2015,R,8.1,118,"Drama, Thriller",8.1,"Held captive for 7 years in an enclosed space, a woman and her young son finally gain their freedom, allowing the boy to experience the outside world for the first time.",Lenny Abrahamson,Brie Larson,Jacob Tremblay,Sean Bridgers,Wendy Crewson,371538,86,14677674,1
160,208,The Big Lebowski,1998,R,8.1,117,"Comedy, Crime, Sport",8.1,"Jeff ""The Dude"" Lebowski, mistaken for a millionaire of the same name, seeks restitution for his ruined rug and enlists his bowling buddies to help get it.",Joel Coen,Ethan Coen,Jeff Bridges,John Goodman,Julianne Moore,732620,71,17498804,2
161,209,Ford v Ferrari,2019,PG-13,8.1,152,"Action, Biography, Drama",8.1,American car designer Carroll Shelby and driver Ken Miles battle corporate interference and the laws of physics to build a revolutionary race car for Ford in order to defeat Ferrari at the 24 Hours of Le Mans in 1966.,James Mangold,Matt Damon,Christian Bale,Jon Bernthal,Caitriona Balfe,291289,81,117624028,2
162,211,Ratatouille,2007,G,8.1,111,"Animation, Adventure, Comedy",8,A rat who can cook makes an unusual alliance with a young kitchen worker at a famous restaurant.,Brad Bird,Jan Pinkava,Brad Garrett,Lou Romano,Patton Oswalt,641645,96,206445654,3
163,212,Rocky,1976,PG,8.1,120,"Drama, Sport",8.1,A small-time boxer gets a supremely rare chance to fight a heavy-weight champion in a bout in which he strives to go the distance for his self-respect.,John G. Avildsen,Sylvester Stallone,Talia Shire,Burt Young,Carl Weathers,518546,70,117235247,1
164,213,Hotel Rwanda,2004,PG-13,8.1,121,"Biography, Drama, History",8.1,"Paul Rusesabagina, a hotel manager, houses over a thousand Tutsi refugees during their struggle against the Hutu militia in Rwanda, Africa.",Terry George,Don Cheadle,Sophie Okonedo,Joaquin Phoenix,Xolani Mali,334320,79,23530892,1
165,215,Logan,2017,R,8.1,137,"Action, Drama, Sci-Fi",8.1,"In a future where mutants are nearly extinct, an elderly and weary Logan leads a quiet life. But when Laura, a mutant child pursued by scientists, comes to him for help, he must get her to safety.",James Mangold,Hugh Jackman,Patrick Stewart,Dafne Keen,Boyd Holbrook,647884,77,226277068,2
166,216,Platoon,1986,R,8.1,120,"Drama, War",8.1,"Chris Taylor, a neophyte recruit in Vietnam, finds himself caught in a battle of wills between two sergeants, one good and the other evil. A shrewd examination of the brutality of war and the duality of man in conflict.",Oliver Stone,Charlie Sheen,Tom Berenger,Willem Dafoe,Keith David,381222,92,138530565,1
167,217,Spotlight,2015,R,8.1,129,"Biography, Crime, Drama",8.1,"The true story of how the Boston Globe uncovered the massive scandal of child molestation and cover-up within the local Catholic Archdiocese, shaking the entire Catholic Church to its core.",Tom McCarthy,Mark Ruffalo,Michael Keaton,Rachel McAdams,Liev Schreiber,420316,93,45055776,1
168,218,The Terminator,1984,R,8.1,107,"Action, Sci-Fi",8,"A human soldier is sent from 2029 to 1984 to stop an almost indestructible cyborg killing machine, sent from the same year, which has been programmed to execute a young woman whose unborn son is the key to humanity's future salvation.",James Cameron,Arnold Schwarzenegger,Linda Hamilton,Michael Biehn,Paul Winfield,799795,84,38400000,3
169,220,Before Sunset,2004,R,8.1,80,"Drama, Romance",8.1,"Nine years after Jesse and Celine first met, they encounter each other again on the French leg of Jesse's book tour.",Richard Linklater,Ethan Hawke,Julie Delpy,Vernon Dobtcheff,Louise Lemoine Torrès,236311,90,5820649,2
170,221,Rush,2013,R,8.1,123,"Action, Biography, Drama",8.1,The merciless 1970s rivalry between Formula One rivals James Hunt and Niki Lauda.,Ron Howard,Daniel Brühl,Chris Hemsworth,Olivia Wilde,Alexandra Maria Lara,432811,74,26947624,2
171,222,Network,1976,R,8.1,121,Drama,8.1,A television network cynically exploits a deranged former anchor's ravings and revelations about the news media for its own profit.,Sidney Lumet,Faye Dunaway,William Holden,Peter Finch,Robert Duvall,144911,83,54513740,2
172,223,Stand by Me,1986,R,8.1,89,"Adventure, Drama",8.1,"After the death of one of his friends, a writer recounts a childhood journey with his friends to find the body of a missing boy.",Rob Reiner,Wil Wheaton,River Phoenix,Corey Feldman,Jerry O'Connell,363401,75,52287414,1
173,224,The Best Years of Our Lives,1946,Approved,8.1,170,"Drama, Romance, War",8,Three World War II veterans return home to small-town America to discover that they and their families have been irreparably changed.,William Wyler,Myrna Loy,Dana Andrews,Fredric March,Teresa Wright,57259,93,23650000,2
174,225,La haine,1995,Not Rated,8.1,98,"Crime, Drama",8.1,24 hours in the lives of three young men in the French suburbs the day after a violent riot.,Mathieu Kassovitz,Vincent Cassel,Hubert Koundé,Saïd Taghmaoui,Abdel Ahmed Ghili,150345,84,309811,1
175,226,The Wizard of Oz,1939,G,8.1,102,"Adventure, Family, Fantasy",8,Dorothy Gale is swept away from a farm in Kansas to a magical land of Oz in a tornado and embarks on a quest with her new friends to see the Wizard who can help her return home to Kansas and help her friends as well.,Victor Fleming,George Cukor,Mervyn LeRoy,Norman Taurog,Richard Thorpe,371379,92,2076020,2
176,227,Into the Wild,2007,R,8.1,148,"Adventure, Biography, Drama",8.1,"After graduating from Emory University, top student and athlete Christopher McCandless abandons his possessions, gives his entire $24,000 savings account to charity and hitchhikes to Alaska to live in the wilderness. Along the way, Christopher encounters a series of characters that shape his life.",Sean Penn,Emile Hirsch,Vince Vaughn,Catherine Keener,Marcia Gay Harden,572921,73,18354356,1
177,228,The Exorcist,1973,R,8.1,122,Horror,8,"When a 12-year-old girl is possessed by a mysterious entity, her mother seeks the help of two priests to save her.",William Friedkin,Ellen Burstyn,Max von Sydow,Linda Blair,Lee J. Cobb,362393,81,232906145,1
178,229,Pirates of the Caribbean: The Curse of the Black Pearl,2003,PG-13,8.1,143,"Action, Adventure, Fantasy",8,"Blacksmith Will Turner teams up with eccentric pirate ""Captain"" Jack Sparrow to save his love, the governor's daughter, from Jack's former pirate allies, who are now undead.",Gore Verbinski,Johnny Depp,Geoffrey Rush,Orlando Bloom,Keira Knightley,1015122,63,305413918,1
179,230,The Incredibles,2004,PG,8,115,"Animation, Action, Adventure",8,"A family of undercover superheroes, while trying to live the quiet suburban life, are forced into action to save the world.",Brad Bird,Craig T. Nelson,Samuel L. Jackson,Holly Hunter,Jason Lee,657047,90,261441092,3
180,231,To Be or Not to Be,1942,Passed,8.2,99,"Comedy, War",8.2,"During the Nazi occupation of Poland, an acting troupe becomes embroiled in a Polish soldier's efforts to track down a German spy.",Ernst Lubitsch,Carole Lombard,Jack Benny,Robert Stack,Felix Bressart,29915,86,54513740,1
181,232,Groundhog Day,1993,PG,8,101,"Comedy, Fantasy, Romance",8,A weatherman finds himself inexplicably living the same day over and over again.,Harold Ramis,Bill Murray,Andie MacDowell,Chris Elliott,Stephen Tobolowsky,577991,72,70906973,1
182,233,The Grapes of Wrath,1940,Passed,8.1,129,"Drama, History",8,"A poor Midwest family is forced off their land. They travel to California, suffering the misfortunes of the homeless in the Great Depression.",John Ford,Henry Fonda,Jane Darwell,John Carradine,Charley Grapewin,85559,96,55000,1
183,234,Hachi: A Dog's Tale,2009,G,8.1,93,"Biography, Drama, Family",8.1,A college professor bonds with an abandoned dog he takes into his home.,Lasse Hallström,Richard Gere,Joan Allen,Cary-Hiroyuki Tagawa,Sarah Roemer,253575,84,54513740,1
184,239,Rebecca,1940,Approved,8.1,130,"Drama, Mystery, Romance",8.1,A self-conscious woman juggles adjusting to her new role as an aristocrat's wife and avoiding being intimidated by his first wife's spectral presence.,Alfred Hitchcock,Laurence Olivier,Joan Fontaine,George Sanders,Judith Anderson,123942,86,4360000,6
185,240,Cool Hand Luke,1967,GP,8.1,127,"Crime, Drama",8.1,"A laid back Southern man is sentenced to two years in a rural prison, but refuses to conform.",Stuart Rosenberg,Paul Newman,George Kennedy,Strother Martin,J.D. Cannon,161984,92,16217773,1
186,241,The Sound of Music,1965,G,8.1,172,"Biography, Drama, Family",8,A woman leaves an Austrian convent to become a governess to the children of a Naval officer widower.,Robert Wise,Julie Andrews,Christopher Plummer,Eleanor Parker,Richard Haydn,205425,63,163214286,1
187,243,It Happened One Night,1934,Passed,8.1,105,"Comedy, Romance",8.1,"A renegade reporter and a crazy young heiress meet on a bus heading for New York, and end up stuck with each other when the bus leaves them behind at one of the stops.",Frank Capra,Clark Gable,Claudette Colbert,Walter Connolly,Roscoe Karns,94016,87,4360000,2
188,244,The Iron Giant,1999,PG,8.1,86,"Animation, Action, Adventure",8,A young boy befriends a giant robot from outer space that a paranoid government agent wants to destroy.,Brad Bird,Eli Marienthal,Harry Connick Jr.,Jennifer Aniston,Vin Diesel,172083,85,23159305,3
189,246,The Help,2011,PG-13,8.1,146,Drama,8,"An aspiring author during the civil rights movement of the 1960s decides to write a book detailing the African American maids' point of view on the white families for which they work, and the hardships they go through on a daily basis.",Tate Taylor,Emma Stone,Viola Davis,Octavia Spencer,Bryce Dallas Howard,428521,62,169708112,1
190,247,Persona,1966,Not Rated,8.1,85,"Drama, Thriller",8.1,A nurse is put in charge of a mute actress and finds that their personae are melding together.,Ingmar Bergman,Bibi Andersson,Liv Ullmann,Margaretha Krook,Gunnar Björnstrand,103191,86,54513740,1
191,248,Life of Brian,1979,R,8,94,Comedy,8.1,"Born on the original Christmas in the stable next door to Jesus Christ, Brian of Nazareth spends his life being mistaken for a messiah.",Terry Jones,Graham Chapman,John Cleese,Michael Palin,Terry Gilliam,367250,77,20045115,1
192,249,Aladdin,1992,G,8,90,"Animation, Adventure, Comedy",8,A kindhearted street urchin and a power-hungry Grand Vizier vie for a magic lamp that has the power to make their deepest wishes come true.,Ron Clements,John Musker,Scott Weinger,Robin Williams,Linda Larkin,373845,86,217350219,1
193,250,Dances with Wolves,1990,PG-13,8,181,"Adventure, Drama, Western",8,"Lieutenant John Dunbar, assigned to a remote western Civil War outpost, befriends wolves and Indians, making him an intolerable aberration in the military.",Kevin Costner,Kevin Costner,Mary McDonnell,Graham Greene,Rodney A. Grant,240266,72,184208848,1
